,AAPL,ABBV,ABT,AFL,AMZN,CCI,CVX,DLR,DRE,GOOGL,GS,JPM,MSFT,NEE,XOM,MVP,Date
0,10000.000000000002,10000.0,10000.0,10000.0,10000.0,10000.0,10000.0,10000.0,10000.0,10000.0,10000.0,10000.0,10000.0,10000.0,10000.0,9999.999999999998,2019-12-31
1,10228.16319926072,10114.072975580164,10010.361079583034,10085.06558322537,10271.506103548769,9966.936247563586,10076.342058969121,9854.685326974102,9913.47007415499,10218.681710027062,10190.928316804138,10121.234039842298,10185.161586902483,9853.815308416442,10160.504838947392,10102.751764070697,2020-01-02
2,10128.724633334385,10018.070480128805,9888.325902154376,10015.12249793004,10146.819934989286,10021.808851965803,10041.490332016987,10016.703238784441,10095.183688630903,10165.224282185589,10071.761371192668,9923.95999964097,10058.338502647355,9924.017331100722,10078.81958460581,10017.950843231778,2020-01-03
3,10209.432794970613,10097.131308048218,9940.133056780227,9986.767543893175,10297.861173291107,9937.390121149318,10007.46795587879,9926.50766083868,9985.578529073782,10436.16950256248,10174.83601098224,9916.068994248728,10084.33746713966,9973.571218204082,10156.20578766885,10047.568360896452,2020-01-06
4,10161.417362522543,10039.529983115204,9884.872208960032,9892.249588207409,10319.400389958582,9769.257902206777,9879.677657295404,9828.796103312477,9922.123836940882,10416.010752548524,10241.813290762064,9747.490016657695,9992.390924571362,9964.89898865786,10073.087151784499,9961.088855142578,2020-01-07
5,10324.876851463,10110.683952722571,9925.166760152953,9922.495305182263,10238.819904601187,9810.060002520411,9766.82390356182,9913.980391041201,9979.809720645753,10490.148699689422,10340.53851522083,9823.530017016725,10151.55354698154,9960.356512250195,9921.181508743955,10060.944019790293,2020-01-08
6,10544.185639995665,10188.61510635612,9951.646538568495,9924.385347005478,10287.957790930539,9866.338798588486,9751.058007898078,9914.815712271276,9930.776499439073,10600.27391748253,10551.037873758385,9859.398024326058,10278.376631236666,10038.404057718752,9997.134330264227,10175.878556152535,2020-01-09
7,10568.022919205685,10058.730137529874,9827.308313440048,9843.099847426536,10191.141968243775,10017.587056681978,9662.268722705416,10052.614405716731,10072.10845491879,10668.737338835379,10529.726800441604,9761.120034571995,10230.817974640995,10057.400039999502,9908.283261558565,10160.081334327491,2020-01-10
8,10793.802078770377,9997.740651428272,9799.677889529952,9924.385347005478,10235.19397681454,10080.19693553266,9680.524570087646,10186.237130175223,10201.903893830158,10751.387644275474,10664.550712165328,9842.18098675988,10353.836521181802,10175.090443106003,10002.866763085538,10294.129225450146,2020-01-13
9,10648.050372035943,9961.598829481656,9871.056557827314,9867.674717816972,10116.893437855182,9985.930569340171,9650.651480388036,10084.349603662058,10092.299834560741,10680.907778304105,10684.121753898746,9956.959047991631,10280.913634768443,10230.012883267116,9916.881364115648,10268.18134098594,2020-01-14
10,10602.417940033816,10081.319314802136,10059.866064864433,9886.578020508216,10076.738207518345,10133.66227484027,9636.544286352171,10104.392853039979,10138.44920169726,10745.190209967708,10664.550712165328,9807.748006232241,10347.494979935707,10388.99892742359,9901.117447194485,10280.831175254509,2020-01-15
11,10735.228904704198,10081.319314802136,10163.481252471473,9979.205934370768,10162.893422661133,10216.672667133394,9699.609768283814,10328.211155444233,10207.672702258185,10827.019127515174,10860.697132836745,9845.768006411758,10537.095839227124,10417.492585788785,9862.424892337847,10383.236148120273,2020-01-16
12,10854.078583726612,9939.010513898398,10246.373402557103,10098.298039332196,10091.350093691133,10218.079932228004,9590.90530098882,10392.51750972837,10288.433819675169,11046.222606827705,10849.389582055297,9913.917001378546,10596.069076549098,10464.155519672786,9825.164625674213,10451.77110023585,2020-01-17
13,10780.521501928382,9937.880839612533,10330.41707649263,9988.65758571639,10238.98175425871,10426.311155651249,9402.538839100054,10500.251010525239,10366.311083021988,11066.605785988468,10685.861121854505,9816.355977712972,10558.021764239222,10608.275964798928,9684.72384827629,10440.722378369232,2020-01-21
14,10819.00285409251,9849.78520247322,10575.638955199836,9930.056193589895,10214.412811094035,10460.078003920593,9368.517096054082,10546.183483564782,10271.128494678787,11078.699896762593,10744.57491068236,9804.877952668854,10507.292337020503,10732.573090770513,9628.833994955721,10460.8747641589,2020-01-22
15,10871.105657126664,9630.674922221797,10445.544867532595,9935.727761289088,10198.826523921874,10536.757313431106,9385.112975623986,10615.500490902548,10372.079891450016,11084.822141610008,10680.642354359621,9794.83495440643,10571.972380913954,10740.00589028568,9568.643997006846,10494.938495314338,2020-01-23
16,10839.775384800532,9435.283493528501,10407.552485684126,9903.591281376244,10074.68205625696,10545.198757141254,9281.387145581519,10711.541405968603,10412.460450158507,10946.55100249196,10521.463309489636,9551.649908633344,10465.44048699631,10890.320335007793,9504.156041129194,10434.633810892301,2020-01-24
17,10521.029069591616,9489.495795603922,10314.298377660121,9797.731632521642,9894.471546004444,10573.338691889667,9160.235452062985,10775.013076186075,10386.501362376233,10689.418997369052,10357.065497124766,9471.30592253395,10290.42497905424,11015.03081436035,9277.72986476138,10315.52653503873,2020-01-27
18,10818.661980064482,9461.259970280345,10308.542515121326,9899.81047661504,10029.277446976896,10673.936140864767,9220.811615368364,10841.824756997024,10447.073300726674,10829.557341419162,10550.167857966702,9643.471919776859,10492.074186163229,10976.6267566416,9264.832710925757,10480.530183556197,2020-01-28
19,11045.121848435145,9396.882323010155,10262.49122303427,9901.701239553031,10054.983466562026,10485.403408479788,9158.576117342884,10658.92763741528,10493.222667863192,10875.846707373785,10443.178478928363,9629.124935774069,10655.675113378997,10974.562510184183,9187.446507862714,10564.515725711977,2020-01-29
20,11029.116357869094,9236.50304197761,10264.79427073406,10026.46491221365,10123.603592533907,10631.727848885277,9244.046100003121,10501.085694591902,10594.17406463442,10857.555162291894,10617.579813828565,9748.206982746184,10956.24617139365,11146.762000070825,9284.89567912546,10707.781077815624,2020-01-30
21,10540.099308659666,9150.66589172102,10032.235640954335,9748.58189174077,10870.638027865227,10540.97803528618,8890.54829395257,10271.421417903946,10473.032388508947,10697.258068227828,10340.103839138792,9494.978938710674,10794.546545451694,11075.322437691075,8902.264261763677,10462.664981274529,2020-01-31
22,10511.153076029563,9295.23404119649,10023.025206865857,9831.757433142926,10846.177259726752,10495.252117284545,8819.184872235974,10283.948687701426,10473.032388508947,11069.21805011856,10394.90288871788,9567.431919417828,11057.705025831088,11017.921767579712,8703.066867959647,10524.43312889006,2020-02-03
23,10858.16491506261,9527.896966122265,10157.725389932677,9862.00315011778,11092.248194137674,10583.890496527352,8866.483825411651,10438.449982767916,10579.752593708203,10791.554765382682,10522.333325281317,9705.164936133098,11421.68665838996,10924.182546430739,8594.153377729164,10724.610777378442,2020-02-04
24,10946.705904592895,9784.277880917165,10310.844684465776,10071.833127118545,11039.213529574392,10549.420552425081,9151.10752837187,10344.0790729986,10582.636447778365,10796.33271381775,10624.973288988851,9870.157988676972,11407.736041715227,11013.792014441156,8989.68194892657,10798.243910167665,2020-02-05
25,11074.74878987122,9846.397041304632,10300.483604882742,9969.754283025146,11095.278746398431,10587.408122549497,9085.552727813963,10357.441026862745,10599.942873062448,11019.718322053775,10517.114557786435,9871.593015458666,11644.261790511046,11080.689730525102,8867.870758185582,10906.868734137237,2020-02-06
26,10898.348558866712,10423.537379853626,10116.279314889862,10005.670846584419,11252.489264247972,10586.705026716569,9039.913742450612,10295.640636268832,10565.331122781985,11043.161484403998,10350.976713838201,9840.028993889699,11660.748443134207,11130.657601121296,8809.114688454358,10868.548271634505,2020-02-07
27,10950.110487872837,10701.377797634923,10165.78430017126,9969.754283025146,11548.13243662017,10757.650702419574,9110.447180261046,10529.480881943751,10755.697399756087,11263.784449589226,10323.142181152816,9880.9190476326,11965.75780595445,11221.50586905091,8592.719996186395,10998.420702734333,2020-02-10
28,10884.04535994063,10842.556924252796,10265.944916228616,10007.560888407634,11639.536204942624,11328.174864120023,9228.279571247154,10482.71245051072,10850.879988099288,11274.236923812343,10284.000097685983,9899.570017375756,11695.624984821035,11238.436974762382,8674.405250527978,10955.653476081596,2020-02-11
29,11142.517248693483,11044.725536972275,10222.19667184135,9905.482044314234,11689.323967192744,11481.534556569804,9297.153674337485,10610.48983784892,10920.104588947917,11338.222015337284,10379.245922605625,9899.570017375756,11712.746372118814,11160.390059405687,8780.453071022688,11020.702360037867,2020-02-12
30,11063.170504669195,10769.143606073701,10209.532544558528,9916.82373748307,11634.5031760518,11531.481196426514,9265.621249917776,10567.062054172779,10943.178722372326,11299.099572035262,10366.199003868418,9890.962045895025,11649.334829991252,11375.536713530606,8731.728485391315,11027.014198082823,2020-02-13
31,11065.895418393251,10622.317831404514,10322.358166254044,9982.986739131971,11553.327315168517,11675.695275904467,9134.511648801965,10982.128139805885,11098.933249065965,11338.96821376956,10310.964614579685,9860.833051107751,11753.329720377122,11501.485992802358,8691.602548991908,11080.034556782815,2020-02-14
32,10863.27282923261,10572.62250309454,10232.557751424385,9807.183283867264,11665.891274684962,11692.579236753514,9147.788225839444,11124.102165074893,11110.470865922021,11344.269070724346,10142.652726593655,9730.272979091518,11872.542761620265,11646.845237847694,8581.255677218658,11056.86348962528,2020-02-18
33,11020.602821169068,10632.48231491028,10287.819477599918,9744.801086979567,11744.631958833374,11649.666775512344,9189.27855785643,11058.126442657427,11064.321498785503,11384.809860664816,10321.837489279096,9862.985043977935,11875.713532243311,11342.501208869606,8647.177014639079,11060.32802176892,2020-02-19
34,10907.542804372708,10642.647660105049,10184.20428999288,9733.45939381073,11651.982939064264,11747.45076772698,9112.106514981146,11382.996950344772,11153.735278700675,11325.977525642455,10121.77632935891,9862.985043977935,11694.356483055148,11439.956829776163,8578.389460808003,11006.448693485725,2020-02-20
35,10660.650240071967,10725.095787504044,10067.924975103018,9741.020282218364,11342.811282308412,11822.722812142885,9045.722363609302,11535.82824011452,11199.885746124895,11075.638774338886,10030.009240350788,9742.467970224125,11324.667076341455,11463.081935083608,8473.775021856061,10824.708445392404,2020-02-21
36,10154.26524343446,10519.539013615979,9743.264639504523,9306.237830286793,10873.723080520866,11703.1310413912,8688.905255026324,11296.977341385973,10879.724030239426,10600.795686767999,9765.580848025827,9480.631954707884,10836.39839547589,11312.355397204245,8076.813069115887,10463.647536600405,2020-02-24
37,9810.318152903412,10072.283643893232,9340.317370864637,9017.013116645074,10675.924632229684,11468.1682217429,8356.98259889043,11152.49671526333,10536.487080641846,10350.384024472574,9464.185079899436,9057.38935899729,10657.578349819501,11163.279752401326,7767.2688035386045,10193.149676506959,2020-02-25
38,9965.945853199899,9985.317681039784,9366.797149280179,8799.621530121902,10712.99480991088,11444.953178111244,8135.424377861854,10888.592551266645,10441.304492298646,10381.36777830866,9384.595557464443,9084.648847523535,10790.742007737377,11127.766647901935,7596.73248049136,10269.225674071558,2020-02-26
39,9314.48985863393,9647.616589753743,9116.97005352873,8393.19475334197,10197.311247791495,10439.676417049399,7810.9696776047485,10288.12465668839,9772.138118675271,9817.528850537707,8945.766493866886,8706.600291296207,10030.437269297892,10565.328800560648,7139.581623152075,9657.94720086729,2020-02-27
40,9309.041070435904,9680.37025053177,8868.293603271839,8100.188513824275,10194.335195925616,10080.19693553266,7745.414877046843,10030.900513878662,9365.446476944791,9998.955322194812,8731.788399417812,8329.268701157369,10273.303591756461,10437.726737876868,7371.739685666315,9603.545973599426,2020-02-28
41,10175.719522198538,10016.941667531946,9395.57909704017,8561.43659908427,10574.238456073177,10991.207330402016,8015.102035157257,10897.779173307235,9777.906927103299,10350.384024472574,9110.164306231754,8717.360255647121,10956.87993848492,11081.516437287046,7721.410434317887,10278.140470660463,2020-03-02
42,9852.546001625597,9890.444859874287,8978.816177267567,8190.926385863612,10330.927223475732,11124.165435980603,7832.544827519405,10822.61555452236,9841.361619236197,9987.532220392612,8847.475281862553,8390.244204122764,10431.832447075367,10949.371898195599,7351.676717466612,9960.485344475384,2020-03-03
43,10309.55206970292,10362.547893752022,9450.839944860365,8421.549707378836,10692.646344295179,11506.155791867319,8176.084725972678,11272.757485857679,10317.277861815306,10315.144091486889,9078.415697925207,8597.561242586517,10814.838703372521,11654.278037362861,7512.181009739122,10403.065411942438,2020-03-04
44,9975.141137955981,10233.792599211642,9270.089348061829,7860.11354096343,10412.319434411416,11413.296690769437,8064.890940051421,10845.99945165717,9991.34733750181,9816.110503899257,8645.67475398661,8175.753673657616,10543.437380473219,11404.030371895802,7181.140941094251,10093.387716518162,2020-03-05
45,9842.670008063542,10031.623986492163,9410.545393667444,7708.8842349743845,10288.174140982943,11313.402337627263,7909.716870394689,10709.872037835272,9792.328398029516,9674.106094151331,8387.335808575821,7753.228591337868,10245.403325990343,11224.810175651242,6834.3364088533335,9853.23021933805,2020-03-06
46,9064.192711053247,9630.674922221797,8867.142079421943,7105.859937300513,9744.404708701995,10571.931426795058,6694.050015678528,10077.66830814828,8987.597777066747,9077.192348082543,7515.765801039665,6703.013381104803,9551.046165626853,10789.560407500903,5998.853732105691,9123.394662937128,2020-03-09
47,9717.010123231159,9885.927024419836,9311.535423104646,7413.988674748248,10238.008179022898,11209.990358462945,7051.697108167668,11228.495018114874,9434.669977505719,9520.528203680502,8017.658068795885,7223.816453178612,10204.18524305742,10560.37297077201,6220.98031052008,9546.86749615675,2020-03-10
48,9379.533403732135,9583.238942483551,8990.328780700494,6982.986306463107,9853.991790589003,10823.075111459475,6889.884433446085,11441.456693181797,8756.850941384153,9040.682738527741,7475.753701781149,6883.787897130801,9741.915526684159,9962.834112088583,6016.050483894739,9118.461707993167,2020-03-11
49,8453.260714694363,8878.472983680042,8604.650856387672,5939.508349715859,9073.350429942055,10025.325404559197,6328.105616496661,10720.728028009193,7914.624165926906,8298.927319817003,6553.298720287069,6316.356306094387,8818.008893445562,8626.1148096577,5328.174398909099,8176.17664385249,2020-03-12
50,9466.031227594418,9641.969941702431,9400.18431408441,6557.655505877157,9659.92744511067,10910.306225607674,6922.2468417719565,11970.936937962138,9195.269929181082,9065.84386612357,7705.388762342478,7454.089541730601,10071.655352230817,9149.322522630153,5462.883290160596,9155.352619223,2020-03-13
51,8248.255125087779,8388.298607984496,8480.313509614565,5480.151027393852,9141.213330730527,9554.696669429673,5783.752029931081,10715.717374955566,7542.54427447689,8011.1100402309185,6726.395363313551,6338.594295489419,8587.190918804567,8315.576150971778,4942.677311811544,7979.381574757524,2020-03-16
52,8610.93158065885,8247.11948136662,9151.507863827517,5699.43265574024,9783.531037644578,10332.043716030006,5865.903343151116,11545.01486215511,8396.308666790192,8347.531609763055,6900.796034586147,6725.96888389068,9294.2301940769,9157.581398795402,5275.150761999185,8551.011461026268,2020-03-17
53,8400.136328826211,8022.3625530638865,9125.028963767316,4776.937566892409,9903.45502776052,9729.863066987751,4568.085491761032,11469.851243370234,8399.193071004205,8146.918154905326,6089.679847461212,6017.93422257561,8902.980127676492,8698.381078799395,4746.345587743286,8131.266792225032,2020-03-18
54,8335.77401215902,8025.750714232474,8577.020432477575,5085.065943782758,10179.07425959562,9198.030644673401,4762.260258262376,10461.833879902724,8142.486597395487,8299.823327552858,6501.544394165067,6119.082265893058,9049.461602761174,8552.197017327699,4934.078662579579,8121.2713452549415,2020-03-19
55,7806.572799520449,7772.757960606164,7828.689790717786,5052.929824427301,9990.529317744238,9008.79374302674,4928.221586330324,10121.930775891087,7784.82872701554,7975.347198725516,6019.658507851909,5989.957220658519,8709.575698254102,7918.318347382938,4691.889115965487,7704.424730944982,2020-03-20
56,7640.728751258922,7284.842933482348,7232.327797996541,4856.332664090749,10297.591148607382,8229.335798784494,4499.211705216812,9011.191201843747,7571.387766473177,7870.224928131407,5870.047645807612,5669.29714774471,8622.701227582666,7501.651838244236,4507.022257539849,7455.057462826246,2020-03-23
57,8407.28792828925,7622.543163079384,8023.25603864904,5502.835495403687,10499.285549368935,8702.779064103233,5522.363444697843,9747.787147407307,8367.465174793904,8436.751309492805,6680.29448076847,6343.615794620631,9406.467926982677,8528.658558639281,5078.819037930927,8257.179591942826,2020-03-24
58,8360.97426785611,7669.980004506633,8145.291216077697,6943.28893814263,10205.645679390362,9001.759027696824,5748.070319072783,10141.139341202343,8226.132669170334,8224.789372676105,6746.83642083865,6580.344861783168,9316.423653271539,8683.10212638809,5343.938315830261,8310.743955562215,2020-03-25
59,8800.953782158425,8338.604141363528,8727.837557666224,6761.814636293505,10582.572061908484,10022.511947798732,6338.062891001715,11201.771110386584,8837.612058801134,8682.460212813514,7210.455293664506,7038.737951412249,9899.175880237177,9543.277279842381,5563.198677833995,8899.120032577357,2020-03-26
60,8436.57451532234,8207.589498251418,8583.927818866265,6691.871550998175,10282.816587013514,9629.96871384558,5707.409970961959,11094.87293081979,9252.957463317507,8289.296233486515,6886.4437603476135,6537.302815170083,9492.707662979496,9578.37766107266,5295.213730198889,8588.660313746543,2020-03-27
61,8677.33706299404,8497.853748110208,9134.238519500454,6854.441829041282,10628.355696662033,10415.758277584811,5970.458524007522,11676.13162292338,9532.737520206783,8558.448299157446,6942.112825718384,6707.317366845168,10160.431124176066,10158.985414044615,5374.032768129816,9012.846584245359,2020-03-30
62,8659.628761162976,8605.150401353196,9084.734412574395,6472.589922651788,10551.346638696403,10158.283510137784,6012.778839930671,11600.969278465322,9339.487389162518,8675.21810070056,6723.350639856465,6458.393308550023,10000.634734674617,9936.405330292666,5441.387487093006,8843.96868609016,2020-03-31
63,8203.984630322637,8292.296974222143,8815.334924796094,6030.2455006404225,10323.946218349722,9679.212257869362,5689.154123579729,11231.000344641687,8704.932765819605,8228.372834002406,6318.8795683128965,6051.650237014759,9645.529711726926,9011.810060592818,5378.331819408358,8307.497019273364,2020-04-01
64,8340.881926329017,8485.429916032715,9145.752001288723,6017.013044533597,10384.178238091416,10296.869602666055,6316.488374179283,11275.262812384493,8661.667802897102,8339.841778590735,6520.680096188839,6277.618792524026,9845.275682395411,9351.255100913046,5789.624854201808,8553.497605202345,2020-04-02
65,8221.011703722688,8286.650326170831,9146.902646783277,6126.653858706791,10317.938788459525,10244.108432620127,6232.677726239146,11398.86486789914,8534.756768199748,8158.191447403947,6390.2055997959205,6029.412247619727,9754.597641593002,9152.626199118626,5619.0885311545635,8390.037230341328,2020-04-03
66,8938.191952192834,8553.196586160499,9524.522539212856,6657.845029262116,10810.406008123531,10464.298725775667,6670.815531043772,11650.242399261757,9287.569213597972,8833.797799136142,6881.659668934769,6417.503802109479,10480.025838345657,9684.092788256328,5799.65633830166,8963.49774221177,2020-04-06
67,8834.6670549305,8514.795415642155,9432.419955038748,6750.472222009894,10886.224315037385,10308.828672398347,6714.795181687022,11733.75668169374,9091.43412819584,8829.093900927177,7220.45881619984,6502.152321251598,10367.153370765262,9435.497276089436,5910.003210074911,8869.564298585781,2020-04-07
68,9060.787088523219,8872.825473939723,9780.105497503098,7139.886459036571,11056.152417455849,11069.997000840067,7134.677772201642,12177.217317515284,9639.457725406039,9011.56505038947,7696.2559192264325,6764.706397461043,10471.148261151131,9642.385054049106,6284.0354315298455,9102.335876771329,2020-04-08
69,9126.170468399368,9007.228278220422,9905.59524648144,7198.487851163065,11054.853491377873,11546.957892180953,6996.099582114815,12384.332381135095,10256.70702375257,9008.354688279307,8013.743329547116,7371.593015458665,10471.782028242404,10128.840232491113,6180.854374120673,9413.96147297328,2020-04-09
70,9305.295613127933,9069.34743860789,9883.720685110138,7047.258545174019,11737.325602865201,11048.189222303017,7045.888487008979,11751.295241708258,9777.906927103299,9037.024657358212,7792.806436019795,7043.759450543461,10495.24398920293,9754.294810940608,6127.830190535877,9266.414988104501,2020-04-13
71,9775.242423269308,9276.033025092815,10262.49122303427,7141.776500859785,12356.697817771159,11662.328941077565,7020.994034561897,12099.549646530411,10271.128494678787,9446.315636696376,7751.489644887559,6850.789396082498,11014.584674041005,10009.084952815334,6080.538986447274,9535.887429699,2020-04-14
72,9686.020724933054,9241.020877432064,10469.721598248349,6758.0338315323015,12488.527666877731,11428.773386523875,6845.074798896672,11767.161884935806,9720.219943110724,9387.109632840751,7764.102551170334,6512.912832904869,10899.17617051218,9796.00254514783,5801.0891731695465,9339.080599339723,2020-04-15
73,9762.983429261314,9245.538712886517,11052.267939836875,6623.818507526059,13032.45977457976,11382.34329926056,6637.623138811738,11854.852136354753,9815.402531453925,9388.079690802711,7699.7346551379505,6264.7062880005715,11226.378992527063,9806.739021151468,5610.490428597481,9365.31937757715,2020-04-16
74,9630.512299368875,9425.118148333731,11053.41946368677,6896.0299602997475,12852.844639853132,11751.671489582053,7233.424331899359,12460.330683986636,10072.10845491879,9549.123552916177,7980.255353284811,6827.833893296619,11325.301811016072,10169.309166779141,6193.75207463118,9603.693414001638,2020-04-17
75,9430.614623932288,9486.107634435333,11282.52352191681,6833.648484526824,12953.556415010267,11425.958856334659,6934.694067995498,12002.672773070874,9737.525268107103,9415.853652145759,7845.866117643123,6578.909835001475,11100.824410037825,9812.10757420922,5901.404560842946,9340.590761530311,2020-04-20
76,9139.11121046342,9076.123760945065,10827.769098651073,6538.752203185914,12599.142824395434,11232.501232832923,6774.541361086239,12084.51641304271,9630.805062907848,9050.090534945668,7559.257299837304,6388.092320713052,10641.72546428761,9721.671399436857,5869.876727000622,9087.171911298019,2020-04-21
77,9402.350139358241,9201.49089431686,10992.401874972442,6705.104007105,12790.555643086493,11478.720026380586,7006.887473618255,12458.660041526487,9852.899236092253,9395.396992376016,7653.63377259287,6408.89528332639,11003.17106089805,10206.887777959671,6037.546833637211,9362.480620145925,2020-04-22
78,9365.91195286211,9265.86854158705,10815.104971368251,6623.818507526059,12985.161689459392,11294.408015850679,7202.721891385811,12404.376267676425,9645.226533834066,9490.66374749283,7613.186997252315,6412.4823029782665,10870.00643539683,9957.878912411805,6226.71274334139,9258.118910558534,2020-04-23
79,9636.301961594929,9440.930141579813,10828.919744145629,6860.113396740475,13043.445732965902,11368.976964433657,7220.147754861879,12529.6476913244,9893.279794800745,9531.205107050424,7697.9952871821915,6507.17382038281,11068.484871882772,9898.413995843026,6266.838679740797,9383.322544808194,2020-04-24
80,9643.113206654984,9565.168462354746,10931.383407902773,7045.3685033508045,12858.256694217442,11523.039752716366,7444.195294516719,12880.40742267337,10302.856390889088,9488.349393118524,7982.429397322608,6787.6619002469215,11036.77910081899,10059.464916568779,6296.933132040352,9496.411682251317,2020-04-27
81,9486.80375830244,9347.187856389188,10529.587663112781,7143.6672637977745,12523.162667824057,11344.35465570739,7460.791807178848,12873.726127159593,10441.304492298646,9202.622608377063,8133.344951240625,6835.724898688861,10767.913813868121,9881.896243512527,6444.540270477238,9361.07679042689,2020-04-28
82,9798.400032923444,9460.131157683487,10623.992416631341,7408.317107049056,12840.451580362815,10934.928534333942,7851.630658807797,12411.057563190203,10239.400598468486,10020.830898220129,8264.689463425226,7020.086434366735,11251.10945525348,9709.696123514024,6801.375740143123,9532.58242912187,2020-04-29
83,10005.10791417,9283.939021715856,10602.11785526004,7039.697656766386,13388.604991377377,11215.617271983876,7634.221091125585,12484.55053951493,10008.653762785892,10054.577295107012,7977.210629827725,6869.440913128011,11363.98289041722,9544.102726380605,6659.50158120243,9544.291557252887,2020-04-30
84,9844.03246492557,9356.222665609088,10344.231849270007,6922.494872513398,12371.417878970147,11003.166400134309,7421.790793788125,12186.403939555874,9604.845975125576,9835.223436873777,7702.344702512998,6689.383363190502,11069.75337364866,9376.032359520657,6182.2872089885595,9343.199575594504,2020-05-01
85,9983.313800627979,9245.538712886517,10341.929679925557,6758.0338315323015,12533.49875028943,11096.02550123219,7587.752121856071,12173.877306921804,9463.514019645856,9876.884094079787,7655.8084802582725,6609.756343179595,11340.519961873346,9501.568915523298,6431.642569966732,9450.16579602965,2020-05-04
86,10133.151838698412,9641.969941702431,10710.338259911317,6790.169590330371,12543.293957623795,11162.856101937949,7708.073831468444,12360.113799933619,9495.240815568455,10071.89821260982,7754.5343683446445,6599.713344917171,11462.270006648265,9501.98226890427,6424.477302277534,9514.817072154428,2020-05-05
87,10237.698318794744,9647.616589753743,10485.839418725516,6480.15081105942,12724.370693849482,10903.272046992135,7472.4090494962265,12502.087825202629,9498.12576992632,10045.09544846298,7694.515887643068,6475.609798813843,11575.14247422866,9194.74728670682,6304.098946404431,9448.826022780988,2020-05-06
88,10343.606216503022,9512.084972876184,10820.860833907045,6780.717938984749,12812.852084937378,10882.167364288014,7687.328665459951,12446.133408892418,9584.65569577133,10223.161179089218,7929.370379326885,6543.041827692142,11642.359521653885,9269.903878956016,6339.925831525297,9524.039872232186,2020-05-07
89,10561.212713395716,9482.719473266745,10787.473669102814,6854.441829041282,12877.792608491294,11093.915140304653,7922.16409661823,12114.581605691295,9783.674635243624,10335.601320873757,8062.888935549283,6649.928336229293,11710.84313567831,9486.702686381102,6617.942263260255,9681.966333535032,2020-05-08
90,10727.397116060229,9927.716356106768,11060.326850075458,6693.761592821389,13036.842927549817,11240.94267654307,7747.90482876533,12056.12186285427,9775.021972745433,10479.322556633044,7965.903079046277,6454.089322809658,11841.4717252311,9389.659788743656,6554.88714225049,9685.214404934522,2020-05-11
91,10604.801979729844,10216.850931679695,10798.987150891082,6361.0587060979915,12755.163416956757,10849.103611851599,7559.538366876564,11101.552952006748,9128.930282690317,10267.21194974701,7707.128793925843,6243.185264694029,11573.2402053715,9412.37154067013,6322.728533061366,9556.030719120834,2020-05-12
92,10476.758055201431,10037.27149623248,10610.177643853964,6047.258761508451,12814.53003648884,10776.64502419616,7360.384646576582,11142.475409156075,8771.27241231037,10066.746595341489,7471.839626159987,6027.977220838034,11398.22469742943,9502.807715442492,6008.885216205543,9469.032667242585,2020-05-13
93,10541.120891493667,10158.120794149821,10566.428521111358,6192.816139240917,12927.796720793816,10695.743919401817,7472.4090494962265,11084.01566631905,8794.34709587863,10130.43320749352,7587.091832522689,6278.335758612514,11447.685622882262,9589.940213726382,6061.908853115456,9570.68520519326,2020-05-14
94,10478.80122086943,10245.08675700327,10348.837066314247,6236.295033437371,13041.064230862352,10562.082717990303,7398.556309153368,10921.163070442046,8892.414638579696,10251.383429108757,7474.883685989467,6162.123765203786,11614.458288304422,9409.068494293519,6018.916700305394,9515.616388252238,2020-05-15
95,10725.693785170173,10330.92390725986,10392.585310701512,6568.997920160768,13130.249998265896,11002.462230872628,7679.86070958116,10976.281528358773,9359.677668516762,10341.872805407625,7910.2340136755065,6488.522303337297,11725.428487027659,9722.91019935605,6497.563907387152,9763.81639712667,2020-05-18
96,10663.716027824052,10300.428733364555,10156.573866082783,6357.277901336788,13255.098016482902,10732.325297860378,7436.727338637928,10974.612160225442,9192.386075110919,10261.388184272506,7734.093310819545,6360.832284884451,11644.261790511046,9518.50002123477,6296.933132040352,9642.073270042929,2020-05-19
97,10871.105657126664,10299.299920767697,10371.862273180104,6578.44957150639,13518.16233917016,10718.255867200549,7717.201755159559,11086.520992845864,9420.2485065795,10520.909163612949,7891.097648024128,6551.65034647523,11772.98714362333,9613.065319033827,6501.862958665693,9791.636379720585,2020-05-20
98,10790.056621462407,10505.98550725262,10406.40096183423,6587.901222852012,13241.081505836,10610.623166181156,7637.540393658011,10919.492427981897,9529.853666136622,10502.916097903968,7832.819198905917,6468.436306812448,11631.578708018857,9452.427751689047,6385.784200746014,9672.535237354334,2020-05-21
99,10859.52737192464,10402.077876867226,10530.739186962677,6559.5462688151465,13187.722316194115,10988.392800212798,7491.494247692394,11342.074493195445,9599.077166697547,10551.371148163566,7825.425060118025,6418.2213155003255,11636.651747499063,9656.83855992219,6391.516086892441,9746.194005912585,2020-05-22
100,10785.970290126408,10245.08675700327,10301.635128732636,6848.770982456865,13106.43828028463,11226.87324588324,7742.096207606641,11553.365525802219,9841.361619236197,10612.069548883745,8526.943148084783,6873.744898868376,11513.634168541601,9675.833912091079,6579.249161728734,9789.390711947783,2020-05-26
101,10832.964139740478,10162.638629604273,10448.998560726941,7026.464479544787,13044.365633570393,11470.981678503367,7791.88447940858,11635.210440100873,9844.246573594062,10603.931998652059,9118.427797183724,7271.879998922909,11528.852319398875,9957.466189142695,6626.540912492221,9965.783896812562,2020-05-27
102,10837.732219132533,10168.285277655585,10603.269379109934,6924.385635451387,12994.090670820588,11874.076717094204,7540.453168680396,12197.261204056615,10046.150467424222,10588.701575993873,8751.35944115123,7163.558463604065,11502.85335490657,10379.913974608256,6454.571754577089,10071.2686086297,2020-05-28
103,10827.175516764508,10466.455524137416,10927.929714708429,6894.139918476532,13217.432463275816,12111.15097109879,7609.3266386785035,11989.31018204332,9945.19797036529,10702.78335432942,8545.644837654123,6980.631407405526,11620.165094875902,10553.352894525955,6516.194040718969,10114.315564593531,2020-05-29
104,10960.327355462918,10243.957082717405,10708.036090566868,6988.657874162299,13372.58682986397,12224.411659067866,7699.775891683492,11895.77459350408,10152.870672623478,10712.862159719274,8695.255036070814,7073.170931939887,11593.532363292326,10557.069294283538,6632.272798638648,10161.628890559507,2020-06-01
105,11011.067701635044,10282.35825323575,10663.136322329707,7039.697656766386,13380.000535094787,12279.28319004133,7857.4392799664865,11691.999540477747,10279.781157176978,10768.41008240537,8878.354538005024,7096.843948116612,11725.428487027659,10596.300058764233,6779.879937075534,10221.626439346352,2020-06-02
106,11071.68404136922,10265.416585703804,10522.680276724093,7223.0620004387265,13412.416709358642,12279.986285874258,8064.060956145258,11649.407715195091,10553.793505925929,10745.56387880097,9158.0052203602,7479.914003475152,11753.963487468392,10719.358384816624,7056.463533942606,10353.129445446237,2020-06-03
107,10976.332846028969,10508.24485582435,10160.027559277127,7434.782740377481,13316.088087171565,11793.879781561543,7989.378231896237,11438.116682588317,10426.883021372429,10559.284269248445,9342.844090250168,7635.581571147446,11599.239169863804,10401.800279996507,7036.40001906802,10223.62994407519,2020-06-04
108,11288.949664233887,10599.728654132252,10345.383373119903,7661.625257131501,13437.311003365481,11860.711455696053,8365.280538675383,11798.897720044542,10617.24929834653,10751.31245481512,9477.667338346288,7979.197146847134,11870.640492763105,10504.625084072675,7606.764511266094,10465.443913577215,2020-06-05
109,11355.695500972064,10683.306455817112,10656.228057585678,7958.411580295626,13659.516545163817,12158.284154195037,8566.923577601627,11825.62290209965,10732.622166043977,10811.190606876919,9603.357743326362,8138.450639566589,11944.19811385108,10756.524902839901,7844.655006601645,10607.255720606954,2020-06-08
110,11714.285625207136,10861.757078667468,10392.585310701512,7599.2437813585775,14075.136556519717,12264.50959011982,8425.0267180746,11815.600321665575,10643.208386128805,10841.352972820378,9485.496153216218,7929.6991216235,12035.510889328107,10681.781033859817,7669.8196322758595,10661.151285075297,2020-06-09
111,12015.66503223806,10944.20606775547,10610.177643853964,7389.413804357812,14327.268595452157,12246.922533437844,8097.253348377292,11548.35487274859,10282.666111534843,10935.575619749126,9286.305009087717,7608.321535318844,12481.927720169477,10604.146211660373,7258.527144157291,10760.015834183298,2020-06-10
112,11438.78770230432,10420.149218685037,10105.917356951488,6741.020570664273,13842.973957729493,11306.367085582973,7415.982172629435,11185.067234438733,9959.619441291508,10466.7055373392,8443.004873946591,6973.457915404131,11811.668223024477,10254.790141874726,6617.942263260255,10225.868620459,2020-06-11
113,11537.544520174599,10442.737534268295,10248.675571901553,6926.275677274602,13772.945904889873,11563.13768376832,7666.583499451457,11357.942410749813,10196.135085402131,10548.982173946031,8775.71457429749,7164.275976994912,11904.883267358662,10196.151301956032,6759.816422200947,10291.648292359001,2020-06-12
114,11680.231478407035,10512.762691278802,10309.69403897122,7017.012828199165,13922.634542482398,11788.252868040614,7570.326258380004,11651.913041721906,10444.188346368808,10607.366789909027,8972.731010760588,7263.271480139821,11980.976924395069,10264.701171340144,6755.517370922406,10387.108572508603,2020-06-15
115,11989.783548109954,10849.333246589973,10331.567721987183,7060.491001280844,14153.120015484717,11930.355513162278,7802.671737819796,11901.619930624373,10646.092240198966,10799.469025701808,9115.383073726638,7321.3774768441845,12274.572674072355,10248.182788897782,6907.423560637833,10543.287919667113,2020-06-16
116,11973.09734873793,10813.191424643357,10465.116381204109,6954.631352426241,14292.254569032348,11920.506804357521,7596.0500616410245,12151.328093853659,10591.290210564257,10844.787764077346,8967.512243265706,7136.2989750778215,12317.058291187821,10282.457723589838,6682.430765812789,10525.252999375072,2020-06-17
117,11977.865428129986,10868.534262693649,10393.736834551408,7015.1227863759495,14362.60797271413,11625.044466786076,7629.242453873058,11955.904978801254,10548.024697497902,10707.262823391578,8865.30695564021,7097.561461507459,12448.954414923153,10279.566770370477,6723.989537080082,10548.656483626344,2020-06-18
118,11909.416260501754,10922.74656476907,10439.788126638461,6918.714067752195,14476.416357913671,11990.855031085424,7520.537353485841,11679.472907843678,10268.243540320922,10636.484478047298,8769.191114928886,7016.499414714859,12374.762059160561,10002.064876569279,6589.280645828586,10412.685829332093,2020-06-19
119,12221.011495872672,10985.994537753395,10400.644220940096,6892.249155538544,14686.444364510531,11701.72377629659,7600.1987149873885,11868.214727382307,10224.979127542269,10830.751258910805,8847.040605780514,6940.459414355829,12718.453468965296,10201.51922490192,6652.335766838351,10621.998532457845,2020-06-22
120,12481.866385071464,10990.512373207848,10511.167673291164,6879.016699431719,14960.224620900208,11644.74188439559,7587.752121856071,11851.512125761274,10207.672702258185,10930.19957333399,8906.189070690409,7025.107933497948,12803.424703196228,10043.35988750739,6692.462249912641,10677.929699512913,2020-06-23
121,12261.5360137048,10745.425616204579,10050.656509131293,6648.3926568017205,14797.818398738762,11403.44798196468,7272.425345290082,11693.670182937898,9974.04201250543,10696.661109482005,8612.186777724304,6790.531406507951,12545.33926229704,9979.765217800055,6377.185551514049,10482.51902423836,2020-06-24
122,12424.314793839285,10954.370551261232,10317.752949209806,6773.157050577116,14907.027280915845,11587.759992494588,7402.704962499732,11948.388999220811,10106.721305486959,10759.375954820704,9007.089666442183,7027.25992636813,12703.868117615948,9876.114967185666,6473.201341234024,10614.934003929875,2020-06-25
123,12042.568099200163,10857.239243213015,10212.986237752872,6555.765464053943,14573.068679415795,11349.279546824144,7174.5081364063035,11741.272661274183,9974.04201250543,10172.840063131805,8228.156763705834,6642.037330837051,12449.588182014424,9754.707534209718,6251.074762819635,10332.945655214995,2020-06-26
124,12320.109187770979,10892.25225256277,10247.524926406997,6697.5423975825925,14505.476629074607,11417.517412624511,7274.9146639163455,11702.856804978488,9974.04201250543,10431.390414893163,8414.300325469523,6671.449359535835,12583.386574606917,9838.123632736026,6351.3901504930345,10467.602180072816,2020-06-29
125,12422.952336977258,11088.77335554193,10526.133969918437,6810.963655959603,14929.97194716038,11772.776172286174,7404.3649303120565,11868.214727382307,10207.672702258185,10587.282090121176,8594.789780028685,6747.489359894866,12904.88259005032,9917.822701392888,6408.713385356373,10631.766767381992,2020-06-30
126,12399.45489254518,11197.198821381779,10550.31070063419,6689.980788060186,15578.729784069435,12092.156649322205,7270.766010569981,12309.170036677036,10418.229258586534,10766.09515841394,8592.615735990887,6690.1008765813485,12980.342479995456,10169.309166779141,6263.972463330142,10739.987902043576,2020-07-01
127,12399.45489254518,11167.83332177234,10618.236554092548,6665.405917669749,15641.505981335762,12009.84935286201,7328.02223825071,12409.386920730054,10458.609817295026,10974.622873590795,8585.221597202995,6647.059377270621,13079.264330901118,10175.090443106003,6316.9966469149385,10768.92644431697,2020-07-02
128,12731.142989068234,11182.516502421562,10703.430873522628,6809.073614136388,16543.857458676313,12261.696133359354,7349.597388165366,12344.245882379251,10481.685051007136,11196.51494572802,9018.397217223632,6814.921388773165,13360.811732760832,10198.21617852531,6361.421634592886,10955.798425890856,2020-07-06
129,12691.640054070105,11220.916811250901,10644.715454152749,6544.423049770332,16235.821226813798,12065.423979668401,7162.060910182763,12317.521974650963,10285.549965605005,11123.870534685924,8670.465226842514,6622.668847703049,13205.453648064973,10188.305149059892,6196.618291041835,10859.312253300965,2020-07-07
130,12987.22979887497,11213.01081462786,10658.531105285469,6691.871550998175,16674.11670549407,12058.389801052863,7165.3802127151885,12285.786139542226,10236.516744398325,11226.006302699552,8796.155631822588,6692.970382842378,13495.878627119213,10458.787596726897,6182.2872089885595,11044.898582196702,2020-07-08
131,13043.07909846718,11061.667204504221,10784.01997590847,6421.550140047701,17223.515367955286,12075.272688473158,6865.819964905166,12279.10484402845,10354.774566453636,11338.445305249843,8560.431787974696,6548.063326823354,13590.362173219286,10405.930033135062,5927.19996186396,11027.859241902734,2020-07-09
132,13065.894794843201,10936.300071132428,10711.489783761212,6591.682027613216,17317.516988433694,12064.720883835475,7072.442274176162,12309.170036677036,10323.046670243335,11490.380419935414,8940.112386662358,6906.025886525832,13549.144090286363,10720.185091578569,6112.066820289598,11127.902647739227,2020-07-10
133,13005.619329137051,11052.631533595315,10717.245646300007,6593.572790551205,16797.99114847526,11741.822780777296,7086.548835119804,11916.653164112076,10184.598568833779,11290.43911328386,9084.504481211772,7005.0219369730985,13130.628492794454,10581.433199510177,6113.499655157483,10959.519983077324,2020-07-13
134,13220.841786333716,11166.70450917548,10916.4171112755,6739.130528841058,16689.756667297548,11913.472625741982,7331.341540783136,12258.226273420454,10239.400598468486,11354.870784633917,9307.615418776892,7045.193930022797,13211.795189311068,10842.004617711764,6315.56326537217,11159.581475862633,2020-07-14
135,13311.765776309941,11348.543293194423,11136.311613772401,6858.222633802486,16283.173812329045,11818.502090287811,7376.1511753325485,12040.253945299903,10331.699332741524,11325.156137749826,9433.305823756966,7154.232978732487,13192.136798481513,10695.407832970957,6395.815684845866,11137.976860732151,2020-07-15
136,13147.965413341457,11285.294458521092,11098.31923192393,6875.235894670515,16234.630475762022,11659.5154843171,7332.171524689299,11730.416671100262,10242.28445253865,11310.522673837462,9336.31996725396,7174.318975257336,12930.881554542624,11082.75523720624,6345.657717671725,11060.278303935745,2020-07-16
137,13121.403220407381,11388.073276309628,11426.433260716769,6846.8809406336495,16029.363821845145,11886.03686025525,7235.084299711683,12005.178099597688,10406.692742018182,11324.931708603019,9194.537920079592,7041.607457673278,12864.933976466631,11371.820313773023,6236.7442274412415,11116.803127153342,2020-07-17
138,13397.922726144197,11242.376314237299,11406.861747045255,6801.512004613981,17300.415425131156,11970.454517642984,7075.760943616363,12046.100556747015,10323.046670243335,11675.76345213496,9207.585502444406,6979.914441317037,13417.882701225646,11328.459796153773,6090.570470547125,11283.980875323863,2020-07-20
139,13213.008958439663,11000.677718402618,11304.398083288112,6901.700806884166,16983.560038460764,11785.438337851396,7583.602835417483,11967.596927368659,10496.106521933354,11616.631498505438,9221.067760891257,7131.277475946609,13237.159419128755,11411.049818029996,6398.681901256521,11235.967911544605,2020-07-21
140,13250.127853741764,11034.560191777506,11534.653665368047,6930.056482035805,16775.857382045455,11822.722812142885,7554.559729624038,12098.713688136928,10726.85335761595,11683.304043620823,8959.248752313737,7079.627457852793,13427.394045511443,11579.94752176375,6249.641927951749,11305.463899338738,2020-07-22
141,12647.029204901977,11071.831688009985,11607.183857515305,6992.438678923503,16162.384422003493,11731.26990271086,7552.070410997774,12175.546675055135,10749.92859132806,11324.185510170742,8829.644271712501,7100.430967768489,12843.373316779916,11602.659273690222,6262.539628462256,11033.571416865561,2020-07-23
142,12615.698932575846,10967.92405762459,11391.894572062643,6950.850547665038,16283.390162381449,11727.049180855785,7479.047021468854,12275.76483343497,10747.043636970195,11260.424847792608,8762.232315850639,7050.215429154009,12764.74362379508,11572.926815405832,6223.846526930735,11005.174428421917,2020-07-24
143,12914.69429991074,10973.571567364908,11511.627580146851,6886.5783089541255,16533.95325055219,11849.45548179669,7554.559729624038,12611.491331296236,10879.724030239426,11418.85473692461,8829.644271712501,6951.2199260091,12926.443249737034,11464.734088383775,6315.56326537217,11149.595646433194,2020-07-27
144,12702.537630466159,10922.74656476907,11496.661283519577,6860.113396740475,16236.957477470693,12084.418301444986,7394.4070227147795,12858.694167998709,11084.511778139748,11226.379971532815,8768.755775219242,6981.348920796373,12810.400011533593,11564.25521597147,6241.043278719783,11113.28410983691,2020-07-28
145,12946.02457223687,10956.629899832962,11802.900750941113,6899.810765060951,16416.6271125922,12231.445837683405,7474.068384216327,13128.444943442508,11595.039770999321,11374.655865814611,8810.507906061122,7150.645959080611,12939.75913173715,11622.067979240082,6309.830832550859,11258.967336952912,2020-07-29
146,13102.673855367359,10847.07475970725,11688.924483751041,6671.077485368942,16515.931786645157,11973.972143665129,7158.741607650337,13256.221693617297,11528.700124508556,11485.602471500346,8677.8587020028,6959.827897489831,12929.613052776736,11659.23323703964,6000.286566973577,11268.61657970075,2020-07-30
147,14474.374846905474,10719.449139452732,11586.460819993898,6724.007309796243,17126.37419442636,11973.972143665129,6965.397141601268,13407.382340926897,11592.154816641454,11109.161881313208,8609.577393976862,6932.568408963587,12999.999903241665,11591.510074417472,6030.381565948015,11628.582900087531,2020-07-31
148,14839.094468144543,10835.780601915621,11591.066037038136,6684.309941475767,16840.68973057317,11544.144435420489,7037.589914131802,13417.404921360972,11442.169098375844,11070.413106844451,8671.769918716236,6893.830895393225,13731.134906565798,11463.081935083608,6054.743585426259,11823.854339200998,2020-08-03
149,14938.192160042852,10649.423982442226,11504.720193758161,6627.599312287262,16986.481589931762,11669.364193121855,7176.997455032567,13454.151409523336,11508.50984515431,10999.784001186626,8769.625791010925,6854.376415734374,13525.047394651217,11771.14236381928,6229.578959752045,11895.097705994254,2020-08-04
150,14992.338128745005,10531.962845693472,11759.152506553848,6720.22650503504,17344.737458385644,11573.690561834757,7235.913650525621,13329.714669942025,11471.013140515981,11043.012244717542,8894.88151990896,6973.457915404131,13502.853935456578,11718.698153608419,6284.0354315298455,11890.758958837727,2020-08-05
151,15515.409324754533,10455.161366345788,11714.252738316687,6693.761592821389,17452.810089905834,11527.963570404369,7258.31878434644,13111.742341821475,11430.632581807491,11236.085108089406,8883.138629417868,6975.609908274314,13719.08752633157,11678.6419425895,6253.94097923029,12145.206937482144,2020-08-06
152,15135.365961005467,10494.691349460993,11654.386673452254,6903.591569822154,17141.419606467512,11831.868425114713,7202.721891385811,13246.200387510042,11465.244332087954,11186.959048857883,9057.974640400109,7129.124935774069,13473.684200341228,11883.878197360866,6225.279361798621,12030.031372479814,2020-08-07
153,15355.355458344104,10433.701863359389,11517.384321040985,7083.175829848065,17036.97372849753,11690.467802397225,7445.855262329043,13215.30051079479,11430.632581807491,11175.386707369227,9106.250230610593,7219.512467438247,13205.453648064973,11712.917507393418,6378.618386381935,12095.807006918047,2020-08-10
154,14898.689225044724,10466.455524137416,11404.558699345467,7189.035478702669,16671.73520339052,11381.639129998879,7436.727338637928,12663.271052946304,11194.116937696868,11053.83838777392,9179.315630049376,7447.633015817695,12896.639747530413,11471.341441360719,6444.540270477238,11792.637284235909,2020-08-11
155,15393.836810508234,10787.214947891513,11587.612343843792,7111.530783884931,17113.17023512131,11621.52684076393,7528.005942456854,12897.945982687886,11419.094964951435,11253.182735679655,9225.851852304102,7384.505519982119,13265.060652478218,11752.147011650392,6318.429481782825,12124.86491939746,2020-08-12
156,15666.269984909051,10693.471801011881,11639.41949846964,7136.105654275367,17106.567429705225,11562.434587935391,7453.323218207834,12705.86287822896,11185.463174910976,11323.438172504217,9063.19340789499,7343.616013541574,13233.988648505707,11744.300858754252,6163.657075656742,12233.060996092672,2020-08-13
157,15652.307660010998,10737.519619581539,11511.627580146851,7196.597088225076,17036.21567755056,11581.428909711976,7497.302868851084,12804.410394148646,10928.757251446108,11233.696133871872,9044.927058035295,7346.485519802603,13246.670763414551,11583.25056814036,6190.885858220525,12208.08825943792,2020-08-14
158,15611.442268150842,10882.086907368,11594.519730232481,7081.285066910077,17222.324616903512,11682.026358687077,7532.154595803218,13071.655843065631,11165.272895556729,11320.37705008051,8831.818979377904,7152.7979519507935,13334.179001177257,11686.074742104667,6110.633438746829,12199.433737844143,2020-08-17
159,15741.529358347252,10803.026941137594,11623.301677992473,7020.793632960368,17926.281444663437,11677.805636832003,7271.595361383919,13066.645190012005,11096.049394995804,11615.586820700251,8755.273516772391,7053.084935415039,13410.90739288828,11688.552341943056,6080.538986447274,12254.935327905672,2020-08-18
160,15761.280306221275,10853.851082044426,11568.040830172278,6999.999567331136,17644.81828412278,11441.435552089097,7168.699515247615,12692.500287201407,10928.757251446108,11532.19031682788,8829.644271712501,7069.584459590368,13297.40019063327,11659.23323703964,6013.184267484084,12229.363990462281,2020-08-19
161,16111.01705897838,10752.201938541755,11700.43708718397,6930.056482035805,17844.456533622946,11458.319512938146,7037.589914131802,12957.240409591577,10989.328089508845,11768.417373504555,8778.759297754576,6984.935940448249,13606.848825842448,11649.734930843333,5921.467529042649,12408.178331907955,2020-08-20
162,16941.257324244885,10713.801629712416,11789.085978163734,6884.687546016136,17775.997431545027,11478.720026380586,7059.995047952621,12907.967288795142,11006.634514792928,11763.340945696576,8803.983783064914,6981.348920796373,13507.926974936785,11662.124190259,5877.041994689818,12820.612876894775,2020-08-21
163,17143.87887415544,10674.271646597212,11672.806663273872,7066.162568980037,17899.060974711487,11326.767599025414,7235.913650525621,12765.158579459468,11052.783881929447,11834.865489473133,9017.527201431949,7177.905447606855,13550.412592052251,11671.209143074333,6050.4445341477185,12924.925455688657,2020-08-24
164,17003.235081591007,10623.446644001373,11797.14488840232,7013.232023437961,18110.279732360123,11304.256724655435,7147.124365332958,12923.835206349511,11116.239674350049,11989.414007523048,8959.248752313737,7209.469469175822,13726.696601760208,11616.699426182333,5858.412408032884,12845.804869582284,2020-08-25
165,17234.463029353723,10656.2003047794,11880.03703848795,6890.359113715329,18626.34231995299,11323.954142264949,7035.100595505539,12857.859483932045,11150.851424630511,12275.214842490612,9012.308433937065,7108.321425858373,14023.462154477196,11521.308051733193,5733.7344542063565,12964.922197526157,2020-08-26
166,17028.43585691314,10650.553656728089,12812.571970240619,6971.64461329427,18399.8618002108,11496.307083062562,7045.888487008979,12836.144954930563,11231.612542047495,12158.670039711427,9139.738206872898,7342.18098675988,14367.787331373202,11516.352852056414,5695.041899349719,12911.227097253448,2020-08-27
167,17000.852081145065,10635.870476078868,12755.008074720634,7018.903591137154,18409.602507150288,11522.335583454686,7105.6340333159715,12885.418075726997,11156.62023305854,12240.124149191382,9033.619507253847,7372.309981547154,14515.536340640425,11544.019803659665,5831.183625469102,12901.938183849172,2020-08-28
168,17577.38749780069,10816.579585811945,12603.039425682091,6865.784243324893,18675.643707466985,11484.34801333027,6964.567157695106,12998.99755080757,11119.12352842021,12166.210631197291,8910.10314631157,7187.23147978079,14301.205018622592,11528.32875809111,5723.702970106505,13157.123898174368,2020-08-31
169,18277.540672870782,10417.889870113308,12266.866486650668,6937.618091558213,18936.271201892254,11403.44798196468,6894.033719884673,12824.45300636316,11122.008482778076,12356.968570577726,8935.76363495916,7183.644460128914,14411.541450254555,11444.086582914719,5650.616364996888,13486.141968037558,2020-09-01
170,17898.85872673366,10611.02281192388,12599.585732487747,6975.4254180554735,19111.23233320154,11697.503054441517,6903.161643575789,12944.713776957507,11332.565039106425,12822.180571818124,9134.954115460054,7291.965995447758,14689.283346816606,11903.700256291699,5616.222314743909,13426.148961605828,2020-09-02
171,16465.860686655396,10376.10140011538,12149.43564791091,6982.986306463107,18226.685969715618,11376.012216477948,6827.648935420604,12373.476390961174,11188.348129268841,12166.061391510837,9027.095384257638,7269.01049266188,13779.328297836086,11586.966967897944,5604.757995776171,12589.482502319388,2020-09-03
172,16476.758263051448,10376.10140011538,11991.711136333572,7156.8997199046,17829.574622766435,11297.221472611145,6798.6058296271585,12124.60291179855,11009.51836886309,11805.449321961953,9174.096862554494,7426.1119925111525,13585.92290083035,11451.932735810859,5600.458944497629,12572.277603016882,2020-09-04
173,15367.955326380128,10189.744780641984,11839.74160893969,6982.986306463107,17046.065385279806,11150.193936372727,6552.983140057663,12051.945893867307,10859.53375088518,11375.328014020784,8806.158490730317,7167.86244934443,12850.983359791899,11476.296641037497,5471.481939392561,11942.63678741434,2020-09-08
174,15980.929968781968,10348.994387388664,12181.671288865247,7001.890330269124,17688.814966535105,11346.465016634926,6640.942441344164,12325.037954231404,10937.409913944297,11551.752108096014,8794.850939948868,7236.011991613577,13398.224310396092,11660.472036958834,5438.52127068235,12316.62605557066,2020-09-09
175,15459.220190384382,10125.367133371794,11973.290268156614,6844.99017769566,17182.818436723886,11168.48408888763,6484.939020873494,12162.1853583544,10816.268237818824,11393.619559102675,8698.734435609938,7161.406470733882,13022.828097110922,11435.001630099385,5302.378997888085,11980.82460224193,2020-09-10
176,15256.257766445797,10131.013781423106,12053.879370542456,6879.016699431719,16864.12324884451,11156.525019155337,6446.767991388932,12159.680031827585,10715.316841047597,11316.794158371333,8738.311858786416,7250.3589756163665,12937.85686287999,11486.207040391053,5288.048462509692,11885.148614716973,2020-09-11
177,15713.945582579177,10220.239092848284,12167.856516087868,7007.561176853543,16792.417244453427,11266.972250363948,6413.5755991568985,12049.440567340494,10931.642205803973,11265.053556541221,8756.578208646111,7350.789505542969,13025.365100642697,11641.890038170917,5253.654412256713,12149.887461168692,2020-09-14
178,15738.464609845254,10267.675934275532,12270.320179845012,6935.7273286202235,17080.105010700245,11499.12161325178,6335.5735723754515,12299.983414636445,10908.566972091861,11461.336782023249,8611.316761932621,7121.951443772674,13239.061687985914,12210.935238489148,5197.764558936145,12259.119095142552,2020-09-15
179,15273.965548651819,10140.04945233201,12169.007161582424,7034.026089067193,16657.827693533378,11689.764706564298,6518.960763919466,12563.052894566466,10954.71633922838,11289.393296244423,8727.873660169043,7152.080438559947,13002.536906773441,11577.056568544387,5418.458302482647,11980.507039451095,2020-09-16
180,15030.137732853076,10123.107784800064,12279.530613933492,7111.530783884931,16282.415761382077,11442.138647922025,6538.046595207858,12254.050304433491,10683.588944837296,11102.36748825962,8473.448790379416,7070.301425678857,12866.83624532379,11542.78100374047,5417.024920939878,11794.548517553607,2020-09-17
181,14553.379677651645,10177.320948564491,12302.555820799349,7145.557305620989,15991.157393507054,11233.204328665852,6489.91765812602,12099.549646530411,10539.372034999711,10833.961621020968,8474.753482253138,7055.236928285221,12707.038888238994,11435.414983480357,5329.607233776986,11505.192930389378,2020-09-18
182,14994.722168441032,10062.118298698462,12197.789109342415,6882.797504192922,16021.24656606224,11085.473696594505,6331.4249190290875,11847.33615677431,10334.584287099391,10677.548176507486,8437.350766742064,6837.159378168197,12843.373316779916,11405.682525195969,5220.693743546502,11716.990875219302,2020-09-21
183,15230.376282317691,10006.776322337177,12065.392852330724,6875.235894670515,16933.22974955252,11254.309011369973,6267.529453191281,11976.78354940925,10571.099931210012,10899.140630037551,8333.840787242847,6762.5538572885025,13152.821951989094,11482.49064063347,5091.716738441434,11890.015057541194,2020-09-22
184,14591.521195037833,9841.879205850179,11827.078360012205,6733.458961141865,16234.41412570962,10947.590699899163,5970.458524007522,11624.353175600132,10354.774566453636,10522.62598962431,8094.63754385583,6652.797842490322,12719.721003147839,11286.339338677439,4928.346229758269,11460.716723858235,2020-09-23
185,14741.359233108264,9702.959427804033,11618.696460948233,6742.910612487487,16342.270407177404,11072.810457600532,5958.011930876205,11796.392393517728,10285.549965605005,10623.194171313033,8485.626356952547,6647.059377270621,12884.591399712841,11461.017688626192,4918.314745658417,11574.888920453064,2020-09-24
186,15294.398244581897,9739.101249750649,11909.969631742497,6754.253026771098,16749.989512802804,11376.012216477948,5960.501249502468,11860.698747801865,10449.957154796835,10744.14553216252,8478.6675578743,6705.165373974985,13178.187149390127,11637.760285032362,4964.173114879134,11937.948970438494,2020-09-25
187,15659.458739848997,9857.69119909626,12023.946777287909,6867.675006262882,17177.08268304453,11508.266152794855,6134.760517355368,12188.074582016023,10651.861048626994,10890.480171286148,8657.852984187346,6898.135428435948,13280.913538010109,11733.565012862475,5060.189451273993,12164.441707022112,2020-09-28
188,15540.94993485461,9813.643380526604,12110.292620567885,6809.073614136388,17019.22311503778,11549.771348941418,5966.309870661158,12320.027301177777,10660.513711125184,10945.431135226421,8558.69175639133,6840.028884429226,13142.675873028682,11691.443295162417,4912.582312837107,12089.696448821163,2020-09-29
189,15775.242631119327,9892.703346757013,12529.357709684939,6871.455089909311,17040.05712962605,11712.979750195955,5974.60781044611,12256.555630960305,10643.208386128805,10942.294823342363,8740.486566451818,6906.025886525832,13337.349771800305,11461.843135164414,4919.748127201186,12231.604482307117,2020-09-30
190,15908.735343845765,9841.879205850179,12507.483148313637,6879.016699431719,17432.570625079894,11819.205186120738,5843.498209330298,12297.478088109632,10813.384383748662,11108.788212479947,8635.237218996845,6956.2414251403125,13472.416666158684,11676.577696132084,4747.778969286055,12340.709179783833,2020-10-01
191,15395.198228120176,9726.677417673156,12261.109745756534,6971.64461329427,16911.63768401728,11862.11764736191,5907.393675168103,12472.858590947526,11087.39563220991,10867.633967681748,8693.950344197094,7022.238427236918,13074.826026095529,11610.918779967333,4726.282619543583,12033.973344378039,2020-10-02
192,15869.232408847636,9931.104517275357,12498.272714225157,7075.614220325659,17313.18833585852,11864.932177551127,6032.6940220330025,12692.500287201407,11312.37475975218,11070.936015364168,8776.584590089173,7104.734953508854,13340.520542423352,11889.246750418615,4835.1966564489485,12336.708054466602,2020-10-05
193,15414.269506438312,9700.700079232303,12232.32779799654,7064.2718060420475,16776.128232492738,11613.788492886712,5999.502262893192,12780.190538620353,11246.035113261416,10833.439851735498,8745.705333946702,7031.563912108496,13057.070871706479,11987.115724706146,4785.038689274807,12043.650086459997,2020-10-06
194,15675.805104443076,9833.973209227139,12403.867960706599,7166.351371250222,17294.192470952115,11601.829423154417,6122.313291131828,12742.609366391323,11246.035113261416,10894.064202229572,8854.869420650444,7154.232978732487,13305.644000736524,12269.573448295983,4800.802606195969,12230.957812886254,2020-10-07
195,15660.821196711024,9864.467521433437,12495.970544880707,7228.733568137919,17266.375799710717,11662.328941077565,6241.805649930262,13099.215709187405,11442.169098375844,11075.415484426327,9045.361734117334,7301.291480319336,13353.202657332196,12431.450445671819,5053.023636909913,12250.566033115781,2020-10-08
196,15933.254371111841,9905.127178834506,12623.762463203499,7202.267934809494,17786.443340563717,11773.479268119103,6140.569138514058,13223.651174441897,11485.434611442199,11277.148806549594,9026.225368465955,7259.684460487944,13684.844751736013,12508.671914490293,4978.50419693241,12443.023898420412,2020-10-09
197,16945.343655580884,9975.152335845014,12784.941546330521,7258.979285112773,18632.187074422105,11834.681881875178,6182.889454437207,13283.78155973907,11681.56969684433,11681.362788462657,9312.399510189736,7348.637512672786,14039.315040009087,12622.646547951072,4962.740280011248,13014.093916932407,2020-10-12
198,16495.8285021195,9919.810359483728,12476.399031209194,7034.026089067193,18635.975677629835,11734.084432900077,6090.780866712118,13193.585981793309,11413.326156523408,11699.878762691354,9168.442755349966,7229.555465700671,14131.896317252002,12449.206997921514,4903.984210280024,12763.540951240819,2020-10-13
199,16508.08853537758,9721.029907932838,12405.019484556493,6990.547915985514,18203.470453023798,11609.567771031638,6053.439188041495,13058.293252038078,11142.198762132322,11672.776379937355,9186.709105209662,7189.383472650973,14005.073232996876,12414.93269334132,4893.952726180172,12729.122653479135,2020-10-14
200,16442.70411625135,9626.157948456348,12355.514499275094,7041.587698589601,18067.852000709496,11828.350799092568,6099.908790403233,13084.182475699701,11231.612542047495,11613.27189670882,9072.326914638643,7296.987494578971,13928.97957596047,12324.908611726205,4936.944878990234,12701.347611595738,2020-10-15
201,16212.49775132263,9743.618223516096,12626.064632547948,7034.026089067193,17711.003233359792,11741.118611515616,6048.460550788969,13170.2020846585,11208.538408623086,11704.582660900318,8968.38225905739,7281.922997185334,13928.97957596047,12619.75559473171,4886.786911816093,12605.434313425247,2020-10-16
202,15798.40024077346,9522.24945638195,12438.406649360724,6896.0299602997475,17356.535968113636,11559.621131174927,5914.861631046893,12959.745736118392,11075.859115641557,11422.737247240946,8945.766493866886,7159.254477863699,13584.020631973191,12369.9200224219,4789.337740553348,12306.22268246358,2020-10-19
203,16006.811452910073,9515.473134044772,12475.2475073593,6977.315459878689,17409.569806913358,11569.469839979683,5948.054023278927,12994.822856147424,11173.926658342623,11580.496127401022,9047.536441782737,7200.143984304244,13611.287130648037,12429.384938990679,4829.464223627638,12421.086199311414,2020-10-20
204,15919.632920241818,9361.870175349404,12195.486939997965,6928.166440212591,17236.01577670825,11522.335583454686,5880.839888000921,12933.856512456767,11113.354719992183,11841.136974007004,8824.860180299656,7128.40796968558,13620.79944251718,12292.698553603428,4752.078020564597,12351.638936483943,2020-10-21
205,15767.06996844733,9522.24945638195,12604.190949531985,7090.736718255698,17189.801093377013,10991.910426234943,6090.780866712118,12719.225469256515,11153.735278700675,11995.46106291011,8933.153587584111,7380.200986939396,13626.506249088658,12482.242502582514,4995.700948721458,12236.934140420328,2020-10-22
206,15670.35631624505,9525.637617550537,12409.624701600733,7155.008956966611,17341.32870641496,11148.08357544519,6021.906763621786,12744.280008851472,11234.49749640536,12191.968717538944,8917.496621471857,7446.915502426848,13711.477483319588,12515.279267467236,4895.385561048059,12217.063321156696,2020-10-23
207,15671.718773107077,9478.201637812292,12548.929223356452,6950.850547665038,17355.616067509145,11250.088289514899,5886.64850915961,12750.125345971766,11023.940940077011,11828.444765252809,8747.880041612105,7262.553966748974,13321.496886268415,12497.934808374792,4779.306256453497,12188.765281842463,2020-10-26
208,15882.85385971766,9341.54034664887,12500.575761924947,6684.309941475767,17784.710888617377,11298.628737705752,5767.9861342673385,12582.262097041134,10885.492838667455,11937.374926320024,8510.416166180847,7125.53846342455,13522.511358702788,12517.343513924654,4703.353434933225,12315.367939068317,2020-10-27
209,15147.284080985435,9090.806079905284,12251.899311668054,6455.576661783758,17116.093438119424,11034.119791643187,5549.746582678964,12517.12105869033,10718.20069511776,11279.762209913935,8253.381912643777,6925.394916962192,12852.250893974442,12299.305906580372,4524.219009328897,11812.592064445202,2020-10-28
210,15708.49679438115,9111.135908605818,12088.418059196581,6468.809117890583,17377.100783781738,11094.619309566333,5709.069938774284,12420.244185230793,10911.451926449727,11623.799560392288,8260.775387804064,6970.588409143103,12981.610981761343,12224.97539098126,4724.849784675697,12113.172606515425,2020-10-29
211,14828.537765776518,9611.474767807127,12101.082186479405,6417.769335286497,16430.805472896624,10988.392800212798,5767.156150361176,12051.111209800643,10957.601293586247,12066.014979107584,8221.632640709624,7032.9989388901895,12838.935011974327,12092.830851889814,4674.691817501555,11692.420497872565,2020-10-30
212,14816.277732518438,9967.246339221972,12373.93536745205,6714.555658450622,16259.41659474266,11219.134898006021,5987.055036669651,12188.909266082688,11260.456584187632,12127.312617042078,8272.082938585512,7191.535465521156,12830.057434779803,12409.976233440819,4871.0235415698135,11794.815676307771,2020-11-02
213,15043.760222973186,9934.492678443945,12613.400505265125,6850.661745394853,16497.153923318274,11280.33858519085,5953.032660531454,12183.898613029061,11615.230050353566,12286.637944292812,8608.272038475536,7418.221534421268,13090.044176952802,12556.986371562598,4787.904905685462,11922.317541547718,2020-11-03
214,15658.096282986968,10673.141972311347,12840.202394150716,6905.481611645369,17540.263405363035,11405.558342892218,5955.521979157717,12360.948484000284,11805.596327327668,13034.665986771668,8605.662654728094,7191.535465521156,13721.623562280001,12111.00075752048,4762.109504664449,12297.76977961523,2020-11-04
215,16213.860208184657,10581.658174003445,13070.45797623065,7032.136047243979,17977.747984228576,11461.13296969861,5986.225052763489,12319.191342784292,11707.528784626604,13158.975810183523,8827.03488796506,7485.653015997211,14159.162815926848,12347.208270495428,4753.510855432483,12595.83721567491,2020-11-05
216,16167.54706737656,10486.785352837951,13172.921639987793,6975.4254180554735,17920.220340141917,11542.03407449295,5904.074372635678,12249.874335446528,11762.330814261313,13138.295290884098,8753.098809106988,7385.939999461455,14186.430282185038,12507.433114571098,4697.621002111914,12566.727822400517,2020-11-06
217,15844.71338158156,10743.167129321855,12593.828991593611,7843.100280095401,17013.053009726504,11380.93603416595,6588.66485091596,11543.344219694962,11150.851424630511,13150.912310177942,9347.627518035408,8385.940218382399,13848.446646535127,12472.745456609931,5292.347513788233,12450.603187669474,2020-11-09
218,15797.037783911434,11166.70450917548,12757.310244065084,7911.152602452742,16424.69151950734,11285.26240287885,6893.203735978511,11342.910451588928,11413.326156523408,12973.966446817241,9458.09629661287,8358.680182553797,13380.469156007042,12552.031171885821,5282.316029688382,12482.242988006165,2020-11-10
219,16276.519713586835,11085.385194373343,12969.145836323401,7727.7882587804015,16978.68968499102,11582.132005544905,6842.585480270409,11774.679138843067,11632.53647563765,13044.969221308329,9483.321445550815,8233.859670361979,13731.769641240415,12808.060743791602,5227.8590112357,12768.333094338333,2020-11-11
220,16238.379235450735,11023.266033985876,12888.55585558222,7620.03784698781,16831.977925027935,11744.636237537761,6694.050015678528,11808.919026151798,11644.072992206002,13012.043073079827,9329.361168175712,8132.712174346888,13661.382790775486,12664.353652046433,5048.724585631372,12697.997804214092,2020-11-12
221,16245.190480510788,11185.90466359015,12963.389095429267,7848.771126679819,16932.257000080263,11819.205186120738,6889.884433446085,12080.340444055746,11632.53647563765,13231.844650372426,9528.117636222174,8183.644679049858,13729.232637708637,12750.24798052299,5170.536323047244,12776.633206872264,2020-11-13
222,16386.855855909223,11109.103184242465,13086.575796707819,8172.022362057594,16944.432057991064,11637.003536518368,7381.959796491238,11859.028105341717,11505.624890796445,13245.05976764634,9671.639714979907,8414.634733690335,13774.889025447152,12842.74840175277,5468.6157229819055,12898.735016356262,2020-11-16
223,16262.898262716812,11205.10481800482,13016.34777390501,8128.544188975915,16969.32717776146,11701.72377629659,7222.637073488142,11894.103951043931,11494.08727394039,13152.704325649654,9770.364939438672,8329.268701157369,13599.23975041381,12654.443252692878,5541.702328091523,12812.16125592745,2020-11-17
224,16077.643620984249,11149.762841643535,12637.577235980878,8102.079276762264,16805.89205420576,12004.924461745255,6993.610263488552,11892.433308583782,11194.116937696868,12995.766833382206,9755.143313036062,8267.57568480113,13384.908428395978,12518.99566722482,5332.47345018764,12664.786089487414,2020-11-18
225,16160.735822316505,11257.058633197517,12779.184805436387,8264.650275920147,16868.451901419685,11824.833173070421,7113.932606193149,11942.5423877737,11159.504087128702,13129.633692898447,9766.886203527154,8289.81367419616,13469.879662626909,12409.976233440819,5359.702232751423,12722.53483830282,2020-11-19
226,15983.65384325594,11389.202088906486,12766.520678153563,8289.224425195807,16773.09768023198,11746.04350263237,7118.911243445676,11917.48784817874,11078.74296971172,12963.96169165349,9713.826521903826,8218.795172968343,13341.154309514624,12479.352809586875,5293.78034865612,12661.135363054058,2020-11-20
227,15508.258244916535,11540.54656071913,12580.013340460893,8402.646404687592,16767.63112547279,11703.1310413912,7553.729745717875,11689.494213950935,11087.39563220991,12898.110534430734,9952.15974949916,8455.52424013088,13323.399155125573,12317.47581221104,5640.584880897036,12492.807349790437,2020-11-23
228,15688.064098451072,11741.585499152745,12388.901664079323,8720.22679348095,16874.080305836396,11554.696240058172,7934.611322841771,11073.994360211795,10954.71633922838,13169.42828440664,10329.23096443938,8846.48530088166,13561.192438103935,12385.20023505693,6016.050483894739,12633.403716737585,2020-11-24
229,15805.21044658343,11768.691650190454,12250.748666173498,8621.928033033979,17236.719327260336,11604.643953343635,7645.838333442964,11337.063840141816,11165.272895556729,13171.145110418001,10287.4788335975,8753.9457763473,13561.826205195206,12548.72812550921,5848.380923933032,12706.946227363473,2020-11-25
230,15881.491402855632,11846.622803824004,12390.05318792922,8559.545836146282,17292.29816934825,11760.112933292201,7576.964230352632,11418.907480113652,11072.974161283692,13342.043918391639,10237.898551513295,8695.839779642936,13648.065941192026,12409.976233440819,5759.529855227371,12730.194751450124,2020-11-27
231,16216.585121908713,11811.610656163251,12459.129686882132,8304.347644240623,17144.557507990914,11788.252868040614,7234.2543158055205,11253.549557709832,10977.791572940492,13098.500699375905,10028.269872395029,8456.241206219369,13574.509287687395,12155.598814835203,5464.316671703365,12779.044634462229,2020-11-30
232,16716.499747514194,11750.62117006165,12490.213803986573,8449.905382530476,17426.184169716213,12015.477339811692,7256.6588165341145,11285.285392818569,11133.544999346428,13404.31104467097,10093.507120591488,8589.670237194274,13710.209949137046,12248.100496288705,5517.340308613278,13029.346552735562,2020-12-01
233,16765.537802046347,11857.916961615632,12451.070776643548,8565.217403845474,17336.62020260274,11736.897889660542,7457.472504646422,11037.247872049431,10882.60788430959,13625.381728915565,10335.754423807984,8754.663289738146,13656.94351838655,12274.52864797276,5723.702970106505,13076.475947135723,2020-12-02
234,16746.467562978298,11829.681136292058,12379.691229990845,8637.05053096402,17245.703634779973,11779.107255068786,7451.663883487733,11161.683337303923,10902.798163663834,13602.013756025695,10240.943274970381,8697.274259122272,13585.28913373908,12115.955957197259,5762.396071638026,13043.594100218794,2020-12-03
235,16652.477785249986,12116.55722498226,12422.288828883555,8750.472510455804,17115.01003633029,11501.935070012245,7740.436239794316,11313.679943007006,11122.008482778076,13616.348740565147,10419.693361573785,8776.183765742331,13592.898209167715,11978.856218429033,5973.058331084677,13054.94371150213,2020-12-04
236,16856.8026660506,11953.918595377987,12339.396678797924,8538.75177051705,17090.223917349656,11428.069217262195,7531.325244989281,11293.636056465675,11142.198762132322,13566.101674833837,10370.547755571617,8743.18526469403,13588.458936778781,12102.74125124337,5861.278624443539,13112.82213075606,2020-12-07
237,16942.618741856826,12162.864392123645,12295.64843441066,8551.984947738649,17194.616946451875,11349.279546824144,7596.0500616410245,11138.299440169112,11110.470865922021,13523.544440274847,10387.509413557593,8751.793783477116,13697.526866644857,12170.465674089259,6053.310750558373,13191.633655970069,2020-12-08
238,16588.455822985783,12273.548344846216,12240.386708235126,8529.300119171428,16799.07455026439,11142.455588495506,7504.771457822098,10835.978145549912,11009.51836886309,13273.654547264892,10560.606056584074,8683.644788510328,13430.56481613449,12168.813520789092,6133.562623357187,12994.535923953283,2020-12-09
239,16787.33191558837,12140.275214851383,12263.411915100984,8572.778292253108,16784.407337933168,11060.14829203531,7746.244860953005,10828.462165969471,11029.709748505038,13197.426105279372,10629.322040692052,8627.69023737379,13349.398119617877,12104.393404543536,6306.964616140203,13089.898512580194,2020-12-10
240,16674.272938042093,12010.390246025136,12320.975810620967,8476.370294744127,16865.204999106525,11092.507875210043,7671.562136703984,10879.405929226054,11058.552690357474,13250.808343660492,10437.525035351442,8576.75773267082,13523.145125794059,12190.287733020094,6276.870163840648,13033.069750318577,2020-12-11
241,16588.455822985783,11768.691650190454,12294.496910560765,8355.387426844709,17084.650013327824,10917.341477651966,7421.790793788125,10697.344130874382,11165.272895556729,13082.522939051196,10341.843207094551,8486.370748309,13582.752130207304,12148.99272208198,6050.4445341477185,12976.148057601671,2020-12-14
242,17419.37679705826,11612.830204612363,12370.480795902367,8482.041141328544,17128.75569652991,10932.818173406406,7415.982172629435,10756.639832104893,11416.211110881273,13148.374096273952,10543.643734970494,8631.277257025666,13578.313825401714,12373.637682403207,6167.956673610166,13238.268048144462,2020-12-15
243,17409.841677524233,11818.386978500428,12357.816668619544,8446.124577769273,17539.181655101023,10842.068359807308,7359.555295762644,10821.780870455694,11494.08727394039,13119.330458361786,10601.92284771631,8656.384752681728,13904.882880325324,12296.002860203762,6262.539628462256,13339.953780755643,2020-12-16
244,17531.07435699259,11846.622803824004,12523.600968790804,8470.699448159708,17512.772084963803,10956.736312870991,7336.320811127887,11185.067234438733,11667.148225918112,12994.796205803123,10630.626732565772,8584.648738063062,13913.76045751985,12398.413680787096,6231.011794619932,13408.235255003548,2020-12-17
245,17253.19343364383,11796.92747551403,12545.475530162106,8296.786034718216,17326.446795558448,10820.260581270259,7235.084299711683,11192.584488345994,11318.143568180207,12888.105779266985,10530.596816233287,8542.324752143182,13861.12876144397,12307.565412857484,6123.531139257335,13270.78199127209,2020-12-18
246,17467.052394728384,11713.349673829169,12444.162511899518,8240.075405529711,17350.962064091804,10781.56884188416,7143.805062800533,11245.197619735907,11246.035113261416,12950.372905546317,11176.445838829275,8862.98482505699,14114.774929954223,12289.395507226816,6011.751432616197,13351.948515737335,2020-12-21
247,17964.24418510998,11610.57171772964,12466.037073270822,8134.2150355603335,17352.801865300786,10797.74970690028,7000.248868553404,11570.06812742325,11367.17678938689,12843.309949411165,10876.788775031036,8728.120767300392,14200.38089885977,12340.600917518484,5910.003210074911,13490.13202551016,2020-12-22
248,17838.925174305623,11664.78401980506,12370.480795902367,8228.7329912461,17237.80272904947,10725.29111924484,7110.6133036607225,11423.918133167279,11173.926658342623,12903.11291201261,11153.395397556735,8972.023326464325,14015.219311957288,12277.832954573094,5985.956031595184,13450.161941916134,2020-12-23
249,17976.503179117975,11662.525532922336,12474.095983509405,8287.334383372594,17169.723478208594,10833.62691609716,7080.740213961114,11477.367222950676,11335.448893176588,12947.38697258296,11140.78249127396,8932.568299503115,14124.921008914635,12385.20023505693,5961.593465442056,13490.120340035726,2020-12-24
250,18619.44563698392,11683.98417421973,12409.624701600733,8302.456881302634,17771.885129022252,10991.910426234943,7045.058503102817,11575.914738870364,11456.591669589763,13244.536859126621,11289.958013608613,8991.391809598326,14265.060942753222,12469.441150009598,5981.656980316642,13804.719612710729,2020-12-28
251,18371.530450599093,11825.163300837605,12471.793814164956,8270.321122504565,17977.747984228576,10960.957034726065,7020.994034561897,11524.97097561378,11375.829451885078,13123.586637511384,11221.242029500636,8967.71934072396,14213.696780859886,12443.012998325541,5914.302261353453,13785.347651321836,2020-12-29
